{
  "version": "2.0",
  "resources": [
    {
      "activityDisplayName": "Get Asset",
      "activityId": "GetRobotAsset_1",
      "resource": "asset",
      "key": "RPA.System1_URL",
      "id": "assetRPA.System1_URLRPAFalseSystem1_URLFalse",
      "value": {
        "folderPath": {
          "defaultValue": "RPA",
          "isExpression": false
        },
        "name": {
          "defaultValue": "System1_URL",
          "isExpression": false
        }
      },
      "metadata": {
        "BindingsVersion": "2.2"
      }
    },
    {
      "activityDisplayName": "Get Credential",
      "activityId": "GetRobotCredential_1",
      "resource": "asset",
      "key": "RPA.System1_Account",
      "id": "assetRPA.System1_AccountRPAFalseSystem1_AccountFalse",
      "value": {
        "folderPath": {
          "defaultValue": "RPA",
          "isExpression": false
        },
        "name": {
          "defaultValue": "System1_Account",
          "isExpression": false
        }
      },
      "metadata": {
        "BindingsVersion": "2.2"
      }
    }
  ]
}