{
  "$schema": "https://cloud.uipath.com/draft/2024-12/entry-point",
  "entryPoints": [
    {
      "filePath": "ACME_Login.xaml",
      "uniqueId": "bb6e8907-3e14-4dab-811b-19da916bbbcb",
      "type": "process",
      "input": {
        "type": "object",
        "properties": {
          "Username": {
            "type": "string"
          },
          "Password": {
            "type": "object",
            "properties": {
              "Length": {
                "type": "integer",
                "minimum": -2147483648,
                "maximum": 2147483647,
                "readOnly": true
              }
            }
          },
          "in_URL": {
            "type": "string"
          }
        },
        "required": []
      }
    },
    {
      "filePath": "Main.xaml",
      "uniqueId": "68413e80-5e01-48d6-9ae8-37a01a1627aa",
      "type": "process"
    }
  ]
}