{
  "$schema": "https://cloud.uipath.com/draft/2024-12/operate",
  "contentType": "Process",
  "projectId": "b356ee9d-fdfb-4ccf-b1ea-c36c6f2cc40b",
  "main": "Main.xaml",
  "dependencies": {
    "ACME": "[1.0.3]",
    "MessageBox": "[1.0.1]",
    "UiPath.Credentials.Activities": "[3.0.0]",
    "UiPath.Excel.Activities": "[3.3.1]",
    "UiPath.System.Activities.Runtime": "[25.10.2]",
    "UiPath.UIAutomation.Activities.Runtime": "[25.10.8]"
  },
  "targetFramework": "Windows",
  "runtimeOptions": {
    "isAttended": false,
    "requiresUserInteraction": true,
    "robotVersion": "26.0.179"
  },
  "designOptions": {
    "projectProfile": "Development",
    "fileInfoCollection": []
  }
}